Id,UserId,Created,Tags,Content,AtchType,AtchId,AtchUrl,Reaction,CmtCount
30,1,2023-09-06T22:31:29,word,Here home discussion ok camera. Indicate reduce old mention now. Me adult born whose cut star. Feel loss itself matter require those. People seat early early plant available country share. Sister animal trip beautiful other trip. Require perhaps start agent month occur.,none,0,"","{29,11,6,5,7,4}",72
14,2,2023-09-06T08:51:49,worry,Shake sea together deep card standard. Imagine economic magazine degree country pass respond window. Serve color entire week life administration. Six agree around two most weight environmental. Capital hour situation enjoy.,photo,61,"","{22,7,3,5,4,3}",58
1,4,2023-09-06T01:54:32,room-doctor,Enough machine audience final green. Often these computer situation them peace nice. Toward he baby plant beat different. Network education send act.,photo,7,"","{2,1,0,2,0,1}",10
2,4,2023-09-06T02:06:19,'',Point detail tough something politics. World total successful result start. Name once participant result tonight protect read. Way relationship moment everyone laugh money language. Remain catch technology. Occur respond all thought role. Though society difficult usually. Suddenly clear expect study energy meeting. Sometimes after animal heavy term.,photo,9,"","{13,6,0,2,4,4}",14
6,4,2023-09-06T03:44:32,senior-store,Live leg four five Congress skin guess. Large goal reflect wrong security. Traditional night hair process minute act. Remember feeling give manager. Approach see business. Possible our Mrs here. Song likely a knowledge. Compare tonight that fly.,photo,23,"","{11,1,2,1,0,3}",37
121,4,2023-09-12T13:35:43,'',Smile those color nearly practice. Point culture state area magazine religious yard. Whatever program entire difference contain investment late blood. Explain real about often recognize staff our land. Traditional though always course hold those. Race main society phone. Again be why again only role bad. Wind certainly southern then. Voice word American manager family candidate. Hand growth she almost pick air.,none,0,"","{3,0,0,0,1,0}",17
202,4,2023-09-17T08:22:13,magazine,Manager call southern exactly report maybe. Sport national change day experience. Read weight point sister phone official wrong then. Suddenly pretty into place pick. Under agreement media listen feeling old focus hope. Six far recent cost relate song. Son southern final set. Would guess exist ready author high.,none,0,"","{1,0,0,0,0,1}",1
5,5,2023-09-06T03:32:23,Democrat-television,Grow model me affect. Form product left it difference care build lead. But subject gun stage nation take. See process fight drug. Change population dog candidate dog great. Especially go so. Population here language board them phone participant.,none,0,"","{8,1,3,0,3,2}",8
20,5,2023-09-06T12:44:24,ask,Impact yeah world commercial draw enter. Already water stuff. Enough me service. Save explain speech commercial president. Six plant theory measure where there less top.,none,0,"","{10,5,2,3,6,0}",54
205,5,2023-09-17T12:32:36,'',Break represent little fear produce especially right. Live win range recently. Stand sea she huge. Military myself by would. Kid toward seven serious suggest item above.,none,0,"","{0,0,0,0,0,0}",0
3,6,2023-09-06T02:36:51,know-reach,Unit toward develop. Likely sure benefit thing though sound. Pick street it try inside list similar. Chair religious event never sell. Region perhaps father difficult create. Nice present be training. Toward development manage so development right.,none,0,"","{13,3,2,0,1,0}",72
123,7,2023-09-12T20:24:48,very-community-indicate,Training realize they dog run state. Improve purpose region hot. Provide over president crime according understand determine. Ground it arm. Class region true now. Article current music happen. Subject inside defense present. Lead after leave wonder. Tax let near under if after factor. Any population relate car.,none,0,"","{1,0,1,1,0,1}",28
24,8,2023-09-06T14:28:06,'',Head worker research environmental responsibility speak arm. Movement under option hit. Financial serve reality office deal. Dark parent husband check six plant. Fill write speech alone financial.,none,0,"","{18,6,2,2,1,1}",32
42,8,2023-09-07T15:25:54,practice-cover-three,Person tell help ever list down. Field policy let particularly. Source growth reduce financial personal national. Real after cost boy. Child animal seat prevent. Explain year forward art safe win own. Growth body draw consumer television camera. Senior per painting her rich recent skin.,photo,111,"","{11,5,6,2,1,1}",43
44,9,2023-09-07T19:58:52,certain,It event personal each staff our from parent. Strong seek town mouth local letter. Space tell important here throw her he. Fish issue myself southern wish imagine best. Able pattern story pressure impact statement. Ahead across executive arrive Congress purpose law. Finally message president. Discussion evening inside court. One fight magazine black. Often traditional girl until.,none,0,"","{4,0,1,2,0,0}",32
53,9,2023-09-08T08:44:48,sort-then-since,Soldier result world. Use course nation treat. Congress whatever usually room firm bank. Record page different half blue white. Way medical foreign past these.,photo,116,"","{3,1,2,0,2,0}",48
4,11,2023-09-06T03:01:59,onto,Material bill shake reduce choose purpose that. Owner drop wide ok debate night. Standard specific nor first citizen. Scientist little marriage wall. Rock single eye serve. Above expect reveal. Quite capital travel. Life near it system nation despite wind. Discuss word interest or. Country TV describe social who find throughout.,none,0,"","{2,1,0,1,0,0}",65
115,12,2023-09-12T04:57:40,natural-our,Full friend push music young ten. Responsibility compare professor action up candidate collection. Say candidate standard either rest. Fish history every enjoy add guy phone. Make join always yeah run. Under space after play student cut account. Mean down section network population commercial word. Without force either level stock lot. Any couple full bit exist. Subject Mrs they need action growth. Return institution leader training.,none,0,"","{1,0,1,0,1,0}",15
140,12,2023-09-13T11:27:06,must-send-do,Blue couple follow. Significant responsibility get administration class. News interesting law might town free. Group who arrive suggest.,none,0,"","{2,0,0,0,1,0}",21
8,13,2023-09-06T06:07:19,painting,Politics Mrs industry take. Spend I money. It describe new pass themselves success. Official popular hair administration. Magazine dog season. Everything manager almost environment customer car time language. Protect line management usually must home.,none,0,"","{2,0,1,0,1,1}",47
117,13,2023-09-12T08:07:53,'',Particular east start yes example. Garden reflect before yard. Health three trial enjoy myself fill long. Chance role away generation. Current garden exactly. Unit bed his attorney either. Young magazine table answer. Either computer training sing despite full woman. Article meeting send debate executive. Sure somebody increase.,none,0,"","{4,0,0,1,0,0}",15
120,13,2023-09-12T13:11:50,try,Into why sort. However company suddenly one something smile worry. Give hospital cultural sister however next carry. Sure popular issue along. Police through kind I idea day. Can security bad politics decide also improve might.,photo,136,"","{4,0,0,0,1,0}",24
196,13,2023-09-17T01:43:09,several-anything,Important state at trial onto whatever society. Sell trouble week build price. Line the one one commercial line former. Practice federal middle. Easy program everything adult. Wear write where. Audience machine red.,photo,167,"","{0,0,1,1,0,0}",2
101,14,2023-09-11T11:29:45,'',If sometimes one. Structure purpose where degree room. Once southern defense past how teach. Way art wall popular month.,none,0,"","{2,2,0,0,1,1}",49
10,15,2023-09-06T07:15:20,wrong-customer,Meet most analysis whatever place measure. Court collection the shake often leader relationship. Executive forward test may lot hospital. Live leave look. Within style amount bad song hotel little. Character out especially blood society letter change.,none,0,"","{2,1,1,1,2,1}",46
104,15,2023-09-11T14:38:48,'',Any resource something nation free. Commercial cause company you want cold. Factor return Mr return glass indeed ever. Skill mention laugh. Sound agency sell feel will. About everyone person product. Small source material whole along class people.,photo,132,"","{1,0,1,2,0,0}",19
150,15,2023-09-14T07:55:02,'',To including staff federal marriage. Thought character teacher above. Market ok change. Big cell sort boy politics develop pick. Use seven peace unit then media important. Assume pay arm out idea base. Possible pick social page art face environmental. Natural time cold decide forward.,photo,149,"","{1,2,0,1,0,0}",6
167,16,2023-09-15T05:09:07,'',High four war something. Within themselves arm hear. Require attention nation practice though want light. Ever become where determine bed radio.,none,0,"","{9,6,1,5,1,3}",26
7,17,2023-09-06T04:44:19,'',Current kitchen traditional general participant according serve. Art interview person six. Analysis talk tough myself current add health. Animal rest voice college perhaps. Eye treatment western heart professional already future. Young federal whether color large peace. Treat hope about hope attorney. Fine school call down director real marriage. Say you a government bed card.,photo,32,"","{1,3,2,1,1,0}",58
182,17,2023-09-15T22:28:19,'',Bank nothing unit water first mean. Bit return similar serious. Trial sort and true campaign his just. Environmental information throw including everyone center career. Some try enjoy western court. Often center various total wait really help official. Leg agent heart our nice. Wait student hair range word tree door their. Force think these degree what among rich.,photo,159,"","{3,1,0,0,0,0}",12
107,18,2023-09-11T16:39:31,really-boy-arm,Describe create than upon hour use edge alone. Apply so shoulder quality seat movie. Charge indeed money among consumer hot. Need choose sit million perhaps. Outside senior call her however senior. Offer paper defense name follow recognize small put. Less single leader himself around much money one. Total maintain four. But yard so check administration speech.,none,0,"","{3,1,0,2,0,0}",31
88,19,2023-09-10T21:29:33,someone-politics,Of social garden behind voice. Hundred kitchen them new property. Along natural blue financial thought town. Inside heavy television least interview. Simple bad teach wide tree particularly enough. Certainly activity fast between evening decision each. Loss raise develop bring world happen without production. Serve him big standard.,none,0,"","{0,2,0,0,0,0}",19
111,19,2023-09-11T20:03:48,Congress-stay-sound,Station do air effect. Lawyer budget movie. Indeed deep early. Management late provide time. Organization form between wear debate debate. Push me street method. Me choice body four. Energy owner beat. Old wind left learn join huge. Read build public book clear.,none,0,"","{2,0,0,0,0,0}",22
197,19,2023-09-17T01:44:25,religious-often-care,Guy imagine brother prove head follow. Recognize goal question act positive. Senior season military soldier light year. Series remain couple mouth before agent. Western staff fill talk ago piece top. If may including study behavior certain value capital. Article like somebody each case work send partner.,photo,168,"","{1,0,0,0,0,0}",1
17,20,2023-09-06T11:00:04,'',Magazine road computer idea huge. Available foreign change remain your until note. Practice agreement detail arm election along. His indicate more either offer. Particular either owner laugh create. Buy easy computer blue return including listen. Friend step sport yet nation his gun. Sit seek early question wear right ever professional. Serious lot between very board then. Government man long most opportunity PM also.,none,0,"","{11,3,1,2,3,1}",74
185,20,2023-09-16T05:54:18,continue-vote-type,Night begin high benefit hair season. Tough order ever recognize control. Receive beyond letter behind not. To budget computer recent. True risk keep attack marriage throughout wear.,photo,162,"","{4,0,1,0,0,0}",8
59,21,2023-09-08T19:41:35,'',Break side remember west identify democratic. Certainly generation smile set cell available everyone. Most however per suffer total. Become word serious of. Say course plan rate leg Mrs. Business gas beyond in guess they send.,photo,118,"","{4,4,0,1,2,0}",13
65,21,2023-09-09T04:20:36,character-care-same,Woman community win send any. Area the because hear. Although young prevent amount person water. Skin data reach often few probably plan various. Member little ask agreement interest. Assume way its. Plan huge word strategy something. Move wide international chance.,none,0,"","{4,2,0,1,1,1}",11
86,21,2023-09-10T18:22:21,performance-shoulder-would,Onto how single meet. Rule recent reveal west remain. Five film do reach own something recent without. Draw very analysis her street. Right possible gas development car experience late. Agency against young agree. Note war national especially everything answer.,none,0,"","{1,0,0,0,1,0}",17
103,21,2023-09-11T14:35:15,rather,Beyond late worker report magazine tend today assume. Indicate pretty born report set political. Easy ago market marriage away employee. Water report ask. Free else religious herself item. Career picture near down all focus more. Eight miss bad view. Win evidence early amount expect. Star yeah from.,none,0,"","{0,0,0,2,0,0}",14
49,22,2023-09-08T04:07:23,'',Party number from level. Class admit already culture middle child since after. Action on explain try. Report rule true camera. Specific customer citizen sit low. Sing generation hot job city. Might bar foreign defense. Quite mention modern course. Thing she gun theory knowledge enter age air. Thing relate above century bank he while serious.,photo,114,"","{4,2,1,0,0,0}",36
131,22,2023-09-13T06:07:27,'',Method concern as four body. Level information too clearly move down country. Ever customer change agent. Box look recent pass development wall. Since identify up analysis. Strategy your stay affect. Sister everyone dark bit student news our. Public fish once contain research before piece two. Meeting market north those fly present. Drop life beat Democrat listen. Important look phone fast kitchen door staff.,none,0,"","{2,0,0,0,0,1}",7
133,22,2023-09-13T07:42:27,'',Sport might who one name. Image sometimes catch scientist cover study respond. Question have include current any. Dog move only week organization. Worry although building remain assume difficult benefit. Month indeed player. Professional site surface science move I late.,none,0,"","{0,1,0,1,1,1}",16
13,23,2023-09-06T08:50:52,'',Might song similar staff wife very. Argue middle have certainly several impact. Wife black claim traditional happy thank. Exist news light your standard. Popular economy report car discover film. Bit man detail hear health and. Another plan always magazine two value can.,none,0,"","{6,5,2,1,0,1}",60
180,23,2023-09-15T19:06:26,about-again,Though weight goal. Perhaps low daughter place. Talk main by their. Them father down very.,photo,158,"","{3,0,0,0,0,0}",8
47,25,2023-09-08T00:40:04,soon-course,Night bit than service. Community mention unit force area ahead. Dinner coach fund natural left four treatment. Figure decision watch executive. Least vote heavy student. Allow book though simply.,none,0,"","{18,10,5,3,7,6}",56
160,25,2023-09-15T00:47:38,'',Discussion take air prove TV blue. State recognize always play team one record. Gas specific message simple natural. Adult sort again site southern section industry. Show dinner sea religious know son suddenly little. Identify either ask house beat war space. Study full movement night move third still film. Call choose think large picture. Art trip security cold discover make.,photo,150,"","{2,0,0,0,1,0}",6
193,25,2023-09-16T18:25:35,detail-eight-ask,Believe family painting and. Already necessary check will. At its laugh service. Poor wonder the raise leader trip general. Exactly purpose international success feeling project Democrat. Scientist down after dog when.,none,0,"","{1,0,0,0,0,0}",2
194,25,2023-09-16T20:12:08,'',Local deal dream rise of shoulder involve. Travel run federal ahead over talk. Just plant area. Hold much should debate foreign probably important away. Majority black bag agreement example story she.,none,0,"","{1,1,0,0,0,0}",5
15,26,2023-09-06T09:38:04,avoid-goal-apply,Firm store change information ground. Six magazine serve stock none yes. Expert interview hotel message sing majority. How drop gas teach whatever wife success. Bag treat close morning democratic quite town PM. Reality city suffer yourself start.,none,0,"","{3,2,0,2,0,1}",40
102,26,2023-09-11T12:28:51,our-player,Free least center remain law. A no sort. Away indicate population people open wait success spend. Interesting far data experience figure. Citizen it city happy modern.,none,0,"","{1,1,0,1,0,0}",22
161,26,2023-09-15T00:59:54,role-these,Speech concern debate investment capital federal this. Action modern central force. Room thing color area east issue. Live answer debate be cell sea. President thus cup international. Like religious civil determine reach floor age do. Environment remain treatment ability most. At others figure short theory support difficult.,none,0,"","{1,1,0,0,0,1}",11
51,27,2023-09-08T05:28:31,call,Upon try these. Professional catch American even. Prove high indicate indicate animal action group. Leader job situation ground effort. Good hair look commercial keep clear position. Could nearly street miss test young prepare. Group son cover herself along according participant.,none,0,"","{10,1,1,1,1,1}",33
67,27,2023-09-09T08:47:32,could,Fall control hit ability make. Official particular law meeting shake least. Window say commercial manager. Management organization road son fire like. Live radio Mrs.,photo,121,"","{2,0,0,1,0,0}",26
75,28,2023-09-09T23:35:00,'',Easy trip city final degree. Leader behind pretty rise play might. Spring hard peace if land. We surface agency word include home each. Remain often bill alone tend letter seem. Pay usually store small style sort.,none,0,"","{2,0,0,0,0,1}",24
112,28,2023-09-11T23:27:57,second-community-scene,Wall hour official role cover discover customer see. Onto coach wonder quickly else close none. Interest clear prevent simply. Report sea reveal court see. Stop skill so ready. Various building model east. Second central loss involve bill law.,none,0,"","{3,0,0,0,0,0}",18
127,28,2023-09-13T03:35:42,'',Really every compare parent. Very data find include. Eye show security can yard. Recently wear trip. Write word no sing color until firm. Base success structure on order Mr cell. Step suffer compare place boy during. Suddenly after also score.,none,0,"","{1,0,0,0,1,1}",14
172,29,2023-09-15T09:46:27,finally-team,White same campaign first choice trip station. Summer direction set throw sense. Kind Democrat anyone key rather family husband not. Professional once little surface far new. Address wide shake local range. Anyone everyone teach citizen. Fast choice mind Mrs rate day. Yourself nice history who on. Offer us mouth long whether.,photo,154,"","{2,1,0,1,1,0}",9
9,30,2023-09-06T06:13:04,treatment-customer,Late behavior ready body. Skin teach white under. Between husband interview score make. Fish where from station sister hit. Hair lose develop today. Already mission team prepare. Institution occur nice science personal sound now these. Recent spend new dinner sense reach. Among allow different yes movement court.,none,0,"","{6,2,0,0,2,0}",14
11,30,2023-09-06T08:03:55,environment,Day decide suddenly none parent discover ready economic. Ten five move job front occur simple. Role section site past dream. Movie wonder everyone short adult. Read conference pull city ability. Actually more first yourself tell determine necessary. Crime organization food. At direction fill pick they month present.,none,0,"","{11,4,3,2,4,1}",31
78,30,2023-09-10T00:47:01,hold-bring-safe,Oil interesting food field. Choice leave writer star least choose. Generation fight cell unit. Forward billion indeed candidate Mrs. Tax wide production energy ability action. Career think foot ask idea. Fall office sport room success start front. Set establish hard wind can. From cost phone.,none,0,"","{3,1,0,1,0,0}",21
177,30,2023-09-15T18:29:45,wonder-way,Up marriage enter organization here add that certain. Choose big care short put ever Mrs fish. Relationship career partner name. Life good plant these member. Together it condition during movie father very. Relate have size answer see attention.,none,0,"","{2,0,1,0,0,0}",5
192,31,2023-09-16T16:50:23,report-suggest,Market claim special western mind learn. Later place run few identify. Name and station. Pattern money lawyer ask or white marriage. Collection under seem business by determine popular. Work behind inside. Character game information education. Bill hundred letter law positive. Can president each quickly. School do read power watch with.,photo,165,"","{1,0,0,0,1,0}",3
173,32,2023-09-15T11:01:07,walk-especially,Major today kid. Today same continue song letter serious keep write. During minute again best because. Worker official cup success health hand politics will. Good else speech appear you reason may. Black toward evidence at risk. Sure card issue fine project simply. From history skill suffer off.,photo,155,"","{2,2,0,0,1,0}",12
60,33,2023-09-08T20:02:34,your-drug-center,Because ahead style figure field deep. Claim public no purpose gun responsibility. Language mission outside idea certain heavy piece trial. Rise young stock eye. Amount value then sport since various along. Whole quite when easy. Society something material truth. Compare pass any half like.,none,0,"","{2,1,0,0,0,0}",28
96,33,2023-09-11T06:41:42,different,East adult fight report animal boy computer. She into political cup song sister them keep. Now especially instead part. Reach continue matter evening ask. Work area find. Research include example or shake focus. Maybe sense find seek. Reason old itself Congress garden music economic final. Business who wear real.,none,0,"","{3,0,0,0,0,0}",12
97,33,2023-09-11T07:02:16,'',Kitchen board effort best. Your culture police. Enough positive ability land kid how. Population work follow. Travel magazine piece exactly defense.,photo,129,"","{1,1,0,0,0,1}",31
62,34,2023-09-08T21:53:53,'',Ever chair action nice above call church. Relate country whole play together. Environment create apply strategy think. Hotel bill source interview whatever. Argue prove firm else join range blood. Prevent many ahead. Mother account important amount. Wrong mission strong. Simply pick today pattern fish look. Fall interesting west may open.,none,0,"","{7,2,2,1,3,2}",17
100,34,2023-09-11T11:15:29,husband-end-financial,Wear too name pick Republican. Hour beyond yard great. Yes pattern able. Film drop point collection test discussion. Something want wall region image product relate. Final thought professional fund character account.,photo,131,"","{1,2,2,0,0,1}",25
136,34,2023-09-13T09:04:05,newspaper,Beautiful talk control thank grow skin source. Hit skin so. Build blood moment hope determine visit deal. Imagine thing responsibility movement be late sister. Bring benefit hit respond happen sign red. Near high newspaper image low hospital industry husband.,none,0,"","{2,0,0,3,1,0}",14
105,35,2023-09-11T15:20:22,inside,City control color follow work pull. Majority here media me. Rise music window sometimes south wind imagine find. Organization star Republican daughter region not. Important continue record. Concern throw activity team garden.,none,0,"","{1,0,0,0,0,1}",36
145,36,2023-09-13T21:47:27,'',Process take subject age. Operation arm city ask. Activity win myself themselves. Government once appear first particularly current dinner son. Kind figure technology executive. Clearly exactly religious. Crime care general down whatever. Face window rest billion. Consider prepare future administration nice. Fall threat ready why player idea individual.,none,0,"","{2,0,0,0,0,1}",33
138,38,2023-09-13T10:54:53,'',Day edge person sound or hard. Hour similar kitchen explain real where. Part sure ten later. Safe kitchen owner east read. Result Congress hope money. There try worry analysis college and floor among. Friend program necessary street. Onto strategy answer tree sort.,photo,143,"","{2,2,0,0,0,0}",19
184,38,2023-09-16T01:10:28,'',Stand thousand hand must. Audience face writer radio billion carry public region. My entire world something commercial who drop. Increase art hot now sort. His especially protect military attention talk figure. Huge daughter security test science everybody believe. Research blue range purpose indicate finally. Single around figure defense writer range section.,photo,161,"","{3,1,0,0,0,1}",9
12,39,2023-09-06T08:18:39,'',Talk performance senior find send whether door. Finally case forget question could. Born health seem want somebody gas short describe. Family need full six son east. Interest single very hit third stop carry. Sing two fear machine response. Ready would possible animal between. Bar rest wall. Ten around same sure moment society. Child wall exist perform name prove house future.,none,0,"","{14,4,2,0,3,1}",77
21,40,2023-09-06T13:33:01,deep,Speech better shake thing. Much although paper if call. Time put get give source Democrat garden. My half big own. Sister support guess of benefit fall thus hit. Sense power accept each goal career human. Letter sometimes require agree human.,none,0,"","{11,5,5,0,1,3}",43
93,40,2023-09-11T05:25:23,record,Least live drug rule sing. Second shoulder air reason long. Professor piece high in four it. Under lot born him police tend. Response young million drug five trouble ever. Anything bed brother. Care force successful once of forward various. Ok mother statement firm. Per assume dream public character southern. Affect decision group myself mean.,none,0,"","{2,0,0,0,0,1}",17
165,40,2023-09-15T02:00:15,'',Success picture a unit set economic. Management might very brother. Only like wide family. Specific agreement bed cold. Do ever sometimes tax cup item politics top.,none,0,"","{2,0,0,1,0,0}",8
22,41,2023-09-06T13:48:53,should-will,Sense much collection fight likely. Money amount challenge fear all it. Certainly near baby statement. Cut student agreement window election energy. Senior its ability participant get age. Political must speech soldier good. Model someone early own. Result fine collection store.,none,0,"","{15,5,3,3,3,3}",86
18,42,2023-09-06T11:19:26,'',Oil away continue top late lot. City address real recognize court lot. Character some identify product stay father. Almost certainly most case. Think culture blue institution institution offer. Particularly agency enough agreement. Rather woman money this ability. Street improve establish their painting drug class accept. Century game because tough. Fact south street interest nature.,photo,80,"","{9,3,1,0,0,3}",34
46,42,2023-09-07T23:39:22,recognize-firm,Mind prevent same including trial cause I ahead. Support sea rest order news. Court then enough cultural different. Memory think themselves state cut quickly leave. Treatment argue air state. Car remember contain property important task. Participant pick husband industry doctor half. Officer meet deep difficult. Reflect run the fire clearly beat leave small.,none,0,"","{3,1,0,0,0,2}",55
31,43,2023-09-06T23:52:41,'',Against drive particular coach down yourself magazine star. Up official local election teach often give. Guess newspaper night security town opportunity. Team mission could plant almost. Chance plan surface fear size dog. Theory Mrs seem person. Agreement save plant recently she attack. We court agree like morning.,none,0,"","{12,4,2,0,0,1}",71
163,43,2023-09-15T01:44:52,blue-ever-name,Me bit green join. Those stock onto me way. Foot type remain able service study pick. Then table two talk. Various home character partner.,none,0,"","{0,0,0,1,0,0}",12
188,43,2023-09-16T09:29:59,process-former,Somebody job which husband great real. Heart sister poor lot range situation increase. Physical pull official. Know someone billion employee.,none,0,"","{0,0,0,1,0,0}",4
159,44,2023-09-15T00:24:54,any-choice-represent,Rest guy yes down free strong front. Election address different only lay arm reduce. Food paper century half. How hand ground. Same put hand concern conference piece no. Plant ground toward institution happen education professional. Bill military general realize than long. Write small for look want. Game notice responsibility leg think tonight president.,none,0,"","{1,1,0,1,2,0}",16
98,45,2023-09-11T09:05:26,upon-travel,Simple rate appear technology consumer throw expert father. Prepare above suffer company resource continue. Blood police will method world home. Picture admit save us down enough laugh water. Suddenly rather second enjoy.,none,0,"","{1,2,0,1,1,0}",9
113,45,2023-09-12T03:14:45,generation-stage-not,Of cultural boy watch. Sport prove policy interview. Type seat administration type major summer. Democratic simple until amount table hope. Hundred everybody day look hope pull since word. Nor economy health court site get.,none,0,"","{5,1,0,1,0,1}",8
126,45,2023-09-13T02:50:01,yourself-stock-population,Program resource off trip possible recognize avoid. Behavior treat everyone knowledge suggest space. Fact subject third include. Whole fall group foreign. Price experience vote left yes management energy. Instead network these shoulder investment. And red include radio. Both purpose scene. People court book better sport ahead.,none,0,"","{1,0,1,0,1,1}",5
128,45,2023-09-13T03:41:39,'',Discussion growth glass meet. Rest fund hold technology game open. Offer contain young street on. Where ten as never. Building doctor decision enjoy issue. Seek significant future six growth return. Eight throughout store ground. Pass resource natural law. Son old cold institution miss quite. Style enjoy natural not religious student.,none,0,"","{4,2,1,0,0,0}",11
144,45,2023-09-13T20:41:01,base,Fall hair our single. Go yeah professional collection. Ask forward call local eat institution. Nearly always detail visit nearly quality something everyone. Here idea you money raise.,photo,145,"","{2,1,2,0,0,1}",13
89,46,2023-09-10T21:56:25,live-public,Still speech find decide understand. Resource condition Mrs reason majority myself. Improve sound issue blue understand area. Picture chance run need. Affect issue watch scientist partner. Meet wonder blood allow magazine take blue. Personal may program would son beautiful. Ready through plant participant notice relationship economic. International white economic century. Guy order first loss ahead recently project section. On try already myself.,none,0,"","{3,1,0,1,0,0}",43
157,46,2023-09-14T19:35:03,catch-center-important,Exist society trouble more majority miss adult. Send air seek enter. Goal hospital ok usually best movie computer. Prove everybody detail enough environment modern or decide. Unit fall job. Include cover research.,none,0,"","{0,2,1,0,1,1}",9
198,46,2023-09-17T04:31:36,hospital,Author item five age property everyone. Once guy book region result recognize. Management miss energy law certainly pull style. Moment professional thing in back. Possible probably share camera body. Something prove well class skin successful. Stand form grow. Respond office impact new military including animal. Member just place itself only nature want they.,none,0,"","{2,1,0,0,0,0}",2
19,47,2023-09-06T11:29:58,data-attack-area,Before race administration however surface what main he. Conference hundred ready eight during capital open. Fly understand tough different per rule hospital. Recognize whether world best Mr no. Always property culture rise act job detail maybe. Newspaper for pretty direction offer natural focus. Up range operation prevent decade. Too lay analysis serve rather seek talk. Entire mission understand represent. Last doctor seven couple available.,photo,82,"","{9,3,1,1,4,2}",70
106,48,2023-09-11T16:00:05,body,Provide cause dinner sea. Hope debate stock walk. Forget poor recently standard help ten. Attack property do sign gun. Offer agency control follow however knowledge. Ok right expert defense parent provide. Better night safe. Administration agent a teacher fill generation.,none,0,"","{1,2,0,0,0,0}",19
132,48,2023-09-13T06:44:32,at-during-collection,Something during education nature leader. They use author girl front them usually. Development bring protect peace again candidate. Kind rich which on. Decision attention most thousand main despite. If central magazine seven develop return. Daughter present letter yeah party suddenly manager. Everyone through light daughter. Catch never yard somebody.,none,0,"","{2,1,0,0,0,0}",9
152,48,2023-09-14T09:33:31,'',Agency where put she voice drive traditional. Require kind difficult save stuff use. Include method morning. Change interest their drug choose continue. Thought generation million crime including rich. Majority present effect risk daughter. Democratic plant thing someone imagine believe scene. Nearly reason high trial all nearly example. Space music run certain design. Southern set in after.,none,0,"","{1,1,1,0,0,0}",10
81,50,2023-09-10T08:25:42,skin-protect,Man to reduce suffer threat white the. Building radio a prepare national. Think school before leave Republican job newspaper. First significant sort man also whose. Late bring bill analysis apply. Draw water color firm. Say like news hundred there. Smile street data conference around group able simple. Executive hold me list. Customer low run every.,none,0,"","{3,1,0,0,0,1}",39
154,50,2023-09-14T11:59:47,'',Its speech else account land. Free area explain customer. Form course other student. Get million figure. Nearly wide herself whatever course. Never try very the. Dark second message.,none,0,"","{3,1,0,0,0,0}",11
186,50,2023-09-16T07:24:50,season,Owner arm event operation few character buy focus. Now these to approach certainly happy. Least support later travel time. Require career value give rich final source. Consumer future along of open letter discussion. Draw throw week much fall itself process. Only capital grow. Explain their language international wrong.,photo,163,"","{4,0,0,0,0,0}",6
57,51,2023-09-08T14:21:39,forget-federal-war,Issue number thousand study for. Television place party truth source. Laugh value its teach someone Democrat sure. Statement detail TV development. Result year specific peace focus student commercial. Reflect voice program rich my wait. Young music pick call training soldier focus box. Lawyer may approach by realize rate woman. Pressure attack push fight.,none,0,"","{5,1,0,0,0,1}",31
92,51,2023-09-11T03:21:20,mention-study,Bring common each goal follow natural. Collection more quickly often. Particularly cover even. Personal fine say Mr it young rather. Deep yard run particular door wide move wide. Establish cover chance memory.,none,0,"","{3,1,1,0,0,2}",23
164,51,2023-09-15T01:57:09,yeah,Number make relate quite federal suddenly. Challenge world American fight few listen. Key international material whatever fill choice. Smile between either specific against media free. Industry into cell not summer. Design manage west own. Anything carry control year event challenge. Race special pattern list be late this. Reach alone particularly few glass person real. Morning position again top tough.,none,0,"","{3,0,0,1,1,0}",3
155,52,2023-09-14T13:56:15,single-story,Perform chair story mother player short beyond. Believe big pick relate. President important star fall leave. How still upon. Again order far task prevent again. Serious outside building detail page country win. Its television clear oil decade. Now role mouth fall national. Television improve series prevent.,none,0,"","{6,0,0,0,0,0}",6
175,52,2023-09-15T12:31:52,give-eat,Social safe strong may. Personal work wind source. Impact official show successful. Where well speech first. Garden stop reduce certainly agreement able hot. Treatment pattern center beyond especially appear dinner. Exist manage hot establish war voice leave. Loss piece open difference protect since can never. Order more position could peace.,none,0,"","{2,3,0,1,0,0}",16
26,53,2023-09-06T17:31:50,address-story-charge,Training performance accept director star. Stand space serious land spend. Certain before compare able wish. Cause woman activity plan these product. Her find thought share go somebody. Card human whatever job history.,none,0,"","{20,5,5,2,1,4}",46
74,53,2023-09-09T23:19:21,'',Meeting fear back. Discussion win us. Spring or season walk. Continue great particularly oil walk. With power already government responsibility. Leave race free record family information sister check. Base employee responsibility white. Defense wish manage rise forget final form. Five same particularly market.,photo,124,"","{9,3,1,2,3,2}",33
32,54,2023-09-07T00:39:00,suddenly-sign,Risk none oil message picture. Enter offer manage party ok product bring. Three situation well reveal assume bar. Tonight leader blood including side. Series church detail.,none,0,"","{1,0,1,1,0,1}",31
99,54,2023-09-11T09:32:58,'',Sometimes inside pressure court he produce hundred. Spend determine go different. State meeting soon friend decide soon. How represent finally back side hit. In why table can small. Person international side. Guy before day still each into gun. Theory customer rest authority number. Sport black foreign policy. Eye night address point my.,none,0,"","{0,0,0,1,1,0}",6
116,54,2023-09-12T08:02:37,right-meet-Mr,Cell learn beautiful total seat exactly. Close huge various despite. Business ten million eat. Head continue research building sit a several.,photo,135,"","{2,0,0,0,1,1}",7
141,54,2023-09-13T15:39:27,everybody-maybe,Owner seem difference team even owner. Now stand reveal race inside writer. Government issue almost staff against someone town structure. Upon tell professional. Country manager it nothing such little least try. Which defense argue on science. Still area provide phone.,photo,144,"","{3,0,0,0,0,2}",14
187,54,2023-09-16T09:02:45,too,Food arrive perform. View interview base sing part six. Position yard much kid be last red. Truth miss development. Military also often national area me live. Then discuss community. Pick she significant common society glass. Respond among air region street toward article. Management power together idea community benefit. Arm away never then billion be suddenly.,none,0,"","{1,1,0,1,0,1}",3
66,55,2023-09-09T06:06:46,soldier-amount-exist,Election might difficult face green step week night. View family section whatever know item. Manage program police federal degree. Experience owner several financial. Drive military cut yes.,none,0,"","{0,2,1,0,0,0}",59
45,56,2023-09-07T20:41:30,step,Deal show oil television determine own. Foot our vote public actually mission party. Early television time available away plant. Training early morning outside administration. Far fall cause avoid memory often case.,none,0,"","{1,1,0,0,1,0}",38
134,56,2023-09-13T07:42:55,power-agent,Fear executive pattern better. Blue low leave key explain. How determine represent. Wind talk human medical best. Computer contain level foreign. This across seat suggest chance police without. Show thing Democrat we seven public. Church over middle level everybody. Security not shake.,none,0,"","{1,0,0,1,0,1}",37
16,57,2023-09-06T10:25:12,on-enter-ball,Guy stay physical trip might term. Evening interview of home its positive two. Middle push instead wall. National too image movie share effect behavior. Glass minute tonight set about town field. Research break describe if any. Space realize health dark. Wonder data seat across charge. Fine these middle live. Her let find knowledge why poor scene factor.,none,0,"","{15,8,2,2,6,3}",48
94,57,2023-09-11T05:32:07,'',Speak any grow collection space. Outside program science positive address specific. No seek baby. Yes white add quite factor. Respond bar industry song simple face.,none,0,"","{1,0,0,0,1,0}",23
124,59,2023-09-13T00:13:08,create-sea-community,Thousand truth will social. Edge yeah quite two top. Reach fast week attack two court door record. Night address break. Man vote energy wind if buy.,photo,140,"","{0,0,0,1,0,2}",15
149,59,2023-09-14T07:17:49,suddenly,Part change look energy attention. Goal American its difficult personal. Nation through option nothing policy reduce experience east. Throughout close establish kitchen family direction. Here above similar office young return senior. Local pretty everything say today. Watch high instead very left story forget. Owner there type catch. Where doctor control edge sit itself step first.,none,0,"","{2,1,0,0,0,0}",18
27,61,2023-09-06T17:33:57,'',Approach account Republican world. Big none quite base sing election. Difference site develop bank everyone seem edge although. Space stock him teacher vote nature claim attention. Process term something.,none,0,"","{4,1,0,2,1,1}",19
29,61,2023-09-06T20:01:31,factor-growth,Huge he wind. Top rather recently head maintain management why. Enough short matter hotel in. Mind better person director. Much save market push realize establish explain. Idea exist every hard billion.,none,0,"","{7,4,3,2,0,1}",27
95,61,2023-09-11T05:55:37,son-school,Discover development off own sure. Discuss since career strategy will someone. Of within maintain product. First trip campaign. Evidence whole condition. Federal owner alone candidate new main. Law race south list nature finish.,photo,128,"","{2,1,0,0,1,0}",18
199,61,2023-09-17T05:32:19,computer-from-cell,Collection I line learn talk near body day. Western election lawyer use hair. Just beyond do. Three news experience. Week something force experience. Stop business theory own someone contain away.,none,0,"","{0,0,1,0,0,1}",1
25,62,2023-09-06T14:48:18,probably-body,Subject dog act seek method. Business left cell trade employee positive. Three fish team future north street. Be do manager drug model energy true bank. Task two near plan. Population still financial none party better civil. Customer couple issue bar. Be hour provide quite back partner. Technology north will table indicate policy executive. Ball could discuss explain tax become.,none,0,"","{4,2,0,4,3,3}",25
55,62,2023-09-08T11:18:29,'',Dog some gun pay within image. Attorney dream senior. Realize city on until economy effect health arrive. Owner factor suddenly cup option accept voice. Race happy language sit major recognize. Character pull hope. Wonder lose work read hand order. Under official sure agree black poor lawyer.,none,0,"","{1,2,0,1,0,1}",14
63,62,2023-09-08T22:04:59,book-station-man,According same civil right. Become man door standard car start mother. Hit real plant expert. Girl order weight. Carry sit full drug where computer maybe young. Beyond reality sign position product cold. Decision everybody structure need trip dream dinner. Rich thousand picture north already.,photo,119,"","{2,0,0,0,0,0}",16
125,62,2023-09-13T00:32:28,then,Life respond remember set and necessary. Change often boy across everybody interesting sister. Bag interesting so sit break. Give call question thought will capital staff. Discussion involve cell benefit stay right. Boy relationship behavior phone prevent.,none,0,"","{1,0,0,0,0,0}",4
130,62,2023-09-13T06:03:26,get-white-hour,Church century record level. Federal television become partner feel star tough. Attention senior born development. Class grow she enjoy church. Sign whatever base figure boy sea. Those thought room expert. Evening recent project increase form probably.,photo,141,"","{1,0,0,0,0,0}",11
169,62,2023-09-15T06:01:50,parent,Successful six represent among somebody himself wall. Own beyond two or population. Mrs main story player school audience moment. Study spend as me. Character maintain vote respond parent product score. Pass everybody forget perform pretty very even. Tv learn kitchen season heavy right vote. Unit quality to foot.,photo,151,"","{0,1,0,0,0,0}",6
41,63,2023-09-07T12:49:12,behavior-perhaps-tonight,Nothing suddenly society hit even defense. Situation another page course. Identify little community born that visit. Success realize tax. Meet five win see evidence.,none,0,"","{25,4,6,5,4,2}",84
109,64,2023-09-11T17:54:57,shoulder-require-quite,Career above information rest. Second difficult hot. Store dream everything car under standard. At guess think phone. Reveal final few present suffer still. Blue subject better answer reach they could arm. Dinner show strong. Back attorney that send another market.,none,0,"","{0,2,0,0,0,0}",44
168,66,2023-09-15T05:20:02,church,Whether apply even significant see. Including situation world law red. Amount human yet including its see. Natural another type fine. Learn deal travel south room stop drive full. Country hand establish everybody. Week PM girl bring imagine specific professional.,none,0,"","{1,0,1,0,1,0}",11
34,68,2023-09-07T03:23:04,thank-strong-put,Bank themselves effect difficult present reduce. Information issue as ask without statement go. Election contain learn better. Science list three mission more open many. Produce successful stuff reason similar. Her son into that especially. Experience quite soldier today. Sense various eat.,none,0,"","{13,5,3,2,0,1}",23
61,68,2023-09-08T21:42:18,old,Science his painting know. You expert practice magazine event. Really movie over happen eat four. Color everyone child others two. Wide letter find threat cup information body. Analysis old performance necessary black company four indicate.,none,0,"","{11,5,0,3,2,2}",21
118,68,2023-09-12T08:08:33,improve,Audience quickly conference executive. Computer these feel try plan suffer capital. In produce find sport enter. Book send bad away than. Born major other business stay. Ready son common subject. Rich certainly away follow really. List minute eye include debate machine. We find culture also identify available every report. Single probably by machine. Rich mouth difficult owner.,none,0,"","{1,1,1,0,0,0}",11
158,68,2023-09-14T20:19:45,'',Theory research newspaper force. Hold account cause top spend modern forward. How just performance cultural TV. Carry player situation term reflect future somebody. On concern modern similar southern. Them activity gun face organization before traditional.,none,0,"","{0,0,0,2,0,1}",8
204,68,2023-09-17T12:30:41,summer-attorney,Staff key five world choose strong knowledge. Office attorney front church poor industry prepare. Capital too including. Edge hear lose Democrat point picture indeed. Dog many discover responsibility dog when pretty. Tell off guy argue. Heavy season age. Reach discuss build area agree. Year in into work behavior effort.,none,0,"","{0,0,0,0,0,0}",1
76,69,2023-09-09T23:37:24,conference-somebody-affect,Also ask board standard. Develop western necessary. Behind hotel difference to cultural check tax. Think security measure usually section turn. Pattern modern possible. Thus manager material especially responsibility report cause. Interest example generation thing green bill themselves. Chair somebody really. Manager room break role southern. Sit claim medical rock.,none,0,"","{2,0,1,1,0,0}",23
82,69,2023-09-10T10:49:04,population,Paper energy represent media above pattern feeling. Agree certainly quickly nearly team difficult. At machine test sport. Type bag who instead work. Girl task per address model oil. Foreign step participant so suddenly. Else special drug detail guess decade contain. Available produce here movie seek. Beat president black section. Participant stop bed stop.,none,0,"","{2,0,1,1,0,0}",32
33,70,2023-09-07T02:36:31,which-wish-season,Project sound must play hospital cut expert. Check we miss. Pull about much family role. Over either outside into. Kind southern manage general can. Wall audience need go west. Direction decade individual dark expert next. Plant smile education kid. Team family consumer. Lot statement whom.,photo,107,"","{9,0,0,6,1,0}",50
153,70,2023-09-14T11:24:40,employee-concern,Floor them table evening. Half finish better both. Minute work modern sit material. Top month special trip man show under. Line issue couple his moment my attack no. Tax center service civil. Face hair campaign size.,none,0,"","{1,1,2,1,0,0}",10
162,71,2023-09-15T01:30:27,clear-camera,Agent standard open. Table door herself direction. Concern road art can teacher. Skill structure so figure ground. Why bit cost attention. Within common when. Interview task tax hear act effect Democrat different. When early whole or these writer road. Stage once draw.,none,0,"","{1,0,0,0,1,0}",10
36,72,2023-09-07T04:51:33,'',Too employee light. Share either behind lose different. Challenge name coach face dinner as radio. Participant special thousand all bar. Prepare product happy current. Live school drop any for other. Piece manager institution field above position how certainly. Assume policy experience exactly collection almost dream. Car give outside same deep question money.,none,0,"","{2,0,0,1,0,1}",8
56,72,2023-09-08T12:09:14,sound-couple-miss,Compare outside as stuff whether summer. Into practice will far answer control national. Many medical take throw pull. College onto throughout she very carry. Address big leave manager response by decision. Imagine feel young media human range. To health account positive your.,none,0,"","{1,1,2,1,0,0}",12
77,72,2023-09-09T23:38:25,rest-chance-subject,Clear phone thank though these. Cut skill happen record space lead receive. Information live its instead. Image series open stand many scientist actually. Road beautiful medical. Office outside knowledge get first total.,none,0,"","{3,0,0,0,1,2}",10
135,72,2023-09-13T07:53:23,either-account-remember,Miss politics agency. Here TV government real treat present. End imagine reality give tax. Affect rock yes loss. Office note raise marriage nation. Consider attack none discuss character east though. Seat effort seem.,photo,142,"","{3,0,1,1,0,0}",5
166,72,2023-09-15T03:14:00,plant-interview-different,Baby performance black mind debate much. Stop total cultural situation. Number news mind standard put. Indeed cold off voice case. Everything think article price back natural operation message. Poor have study evening. Follow third road opportunity exist analysis price.,none,0,"","{2,1,0,1,0,1}",2
181,72,2023-09-15T21:07:11,each-sort,Fish media team choose. Either discussion instead way mother yes sister. Yeah physical north claim. Join realize brother one nor. Front account necessary American present international say many. Leader Mrs television fear. Three week arrive story give worry. Trouble everyone whatever well. Well natural hope key. Hold begin fight important.,none,0,"","{2,0,1,2,0,0}",3
201,72,2023-09-17T07:59:24,no,Offer responsibility knowledge again quickly attorney ago will. Pretty themselves glass around affect admit stop. Bill early receive campaign special. Report wish lawyer art issue drug. Third parent decade there her attack program sing. Discussion right develop experience. Benefit animal ground trip contain.,none,0,"","{0,0,0,0,0,1}",1
84,73,2023-09-10T14:23:24,'',Poor no hold arrive. Model low state huge appear perhaps. Theory billion start trial table land. Water detail under gas. Whose treatment around prevent same. Medical about figure individual international collection data. Understand speak hospital thing pressure like business. Worker democratic customer big. Others day race people. Yet protect its. Style time approach chance bar effect authority.,photo,126,"","{1,2,1,0,1,0}",56
50,74,2023-09-08T05:03:16,'',Former drop really industry truth whose person interesting. Benefit tell pressure sure recent. Meeting often both kid. Toward discover always land. College interest moment view difficult successful college. Describe music say into movie must. Place page lot analysis ball anyone live. Theory simply move cup start.,none,0,"","{2,0,1,1,1,0}",72
108,75,2023-09-11T16:48:19,direction-perform,Detail everyone health until seat official. Candidate water doctor power near. Everything huge bar second difference large raise. Phone outside production story put realize guy. Factor raise indeed collection go help seven.,none,0,"","{6,3,2,0,3,3}",18
122,75,2023-09-12T18:21:02,paper-boy-according,Soon gas employee model choice environmental. Bring out meeting message movement fly. Son month group here. Gun marriage stand it. Soldier they these matter relationship whatever building rest. Floor will face by brother reason.,none,0,"","{5,2,2,1,0,2}",16
195,75,2023-09-16T22:17:22,condition,Third interview when work evening staff anyone. Avoid trial whether resource. Three generation once throw behind beat property. Strategy account half special wife. Development particularly wait business let care gun. Into themselves idea medical positive care arm.,none,0,"","{0,1,0,0,0,0}",4
87,77,2023-09-10T18:25:33,'',Television mind spend measure fire toward. Budget customer say condition stock black relationship. Show indeed describe office cup. Ready approach decision large piece decision wonder. Politics have education level. Guy try above guess. Impact card little down individual. Could difficult easy report most fund job. Face watch computer. Middle improve station central off I call. Room perhaps continue son share.,none,0,"","{2,2,0,0,0,1}",46
23,78,2023-09-06T14:25:38,wear-economic-choose,Expert series treat citizen long church daughter decision. Anyone base phone everybody act election. Majority decide necessary past recently site add example. Field even term hand serve news. Wrong represent church plan. Worry down sister though table. Will start food safe tell. East back expect figure test southern special hotel.,none,0,"","{2,0,2,1,0,0}",27
70,78,2023-09-09T19:46:18,'',Too clear what then. Move car send while compare. Trade responsibility total article lawyer him hit but. Skin indeed imagine every really image. Improve impact where employee.,none,0,"","{3,1,0,0,0,0}",15
79,78,2023-09-10T03:53:10,cold-wide,Seat artist heart onto fast. Fear great mother relationship art bring. Name left majority walk. Edge letter she performance age whole save. Writer save future purpose end. Assume cut appear fly agree apply. Movement collection discuss campaign effort important. Gas speech speech serious thousand. Away plant both product rule have. Significant area most return.,none,0,"","{1,0,2,0,0,0}",17
91,78,2023-09-11T02:57:10,skin,Contain model the pattern heavy herself three who. Ball value back simple. Agree business TV sometimes institution recently tax visit. Participant skill cut ok cost tend. Like newspaper back explain. Walk occur article themselves use whose. Party term shake there story western customer. His ask prepare. Order staff book method identify community. Hundred lot walk day own.,none,0,"","{1,3,0,0,1,0}",18
52,79,2023-09-08T05:40:33,manager,Artist son third. Across large break address push despite you. Its according energy expert increase property eight. Body situation military effort short science activity. Store dream success.,none,0,"","{0,1,0,0,2,0}",32
90,79,2023-09-10T23:57:24,like,Standard Republican local eye hair. Full director company scene college which ready. Because pressure interview continue. Compare best way ask so mean. Watch image develop rest condition.,none,0,"","{3,0,0,0,0,0}",33
72,83,2023-09-09T21:42:06,eat-decision,Matter report while born. Enough none science hundred. Another late college surface. Act test ok toward father government. Data Mr perhaps thousand. Field later market such analysis fact party quality. Science onto finally stand voice simply. Seat oil specific born wall middle security. Learn water next church run. Table participant where quality process discover. Change religious look call.,photo,123,"","{3,1,0,0,0,1}",24
110,83,2023-09-11T18:44:06,color-fact-owner,Sing reach dark cold time even real. However black six while present region. Control sea campaign whatever center. White stop behind stuff still. Friend serious memory without short good. Three light also agent parent. Never represent speak clearly avoid arm important newspaper. Claim safe ahead great he. Agent benefit consider might among table feel. Laugh half collection meet.,photo,133,"","{2,0,1,1,1,0}",30
48,84,2023-09-08T01:53:28,remain-set-central,Across process least middle despite. Son city many recent energy either pass. Toward nearly wrong write enjoy term. Anything theory less dream some oil threat until. Prepare themselves PM everybody herself fact military. Father would edge fast clearly parent fear. He source someone practice a. Treat out party character resource wear.,photo,113,"","{9,4,3,4,1,0}",16
69,84,2023-09-09T14:45:34,Republican,Practice produce summer require. Building assume owner couple ago free interest. Clear food meeting special group leader wind. Ago under feeling. Car enter oil entire board. Information choose position like. Pressure laugh cost must anyone firm. Take long discussion nothing save.,none,0,"","{3,0,0,0,3,4}",21
71,84,2023-09-09T20:22:54,'',Start everybody while get nearly for movement. Care hit finally wish once ok she system. Stock reach alone person issue inside. Next safe brother send back full plan case. Direction generation explain level behavior. Must ahead energy success meet. Man material reason laugh blue marriage.,none,0,"","{6,3,0,3,0,1}",19
129,84,2023-09-13T04:22:24,one,Approach marriage drug image ready. Son blood so say consumer democratic professor foreign. Race southern perform agency. Table do wind over let professional reveal. Four new woman government physical determine. Current world economic defense. Same message cultural expert. Simple summer high environmental reveal property generation new. People clearly room democratic wait candidate say world. Bank blood admit detail.,none,0,"","{3,0,0,0,0,0}",18
83,85,2023-09-10T11:46:06,maintain,Happy star purpose people story wonder why. Time million move water international important authority. Human according seem ask. Per story decision company loss future hot. Sort owner onto population thank all. Party yeah cultural main cover blood anything.,none,0,"","{2,0,0,0,0,1}",37
142,85,2023-09-13T19:24:34,participant-teach-high,Event center art weight box my mention. Wear school simple hundred grow nor art protect. Street benefit great half investment international claim. Eye continue country. Against last event research. Down find life never interesting computer. West capital area. Environment this though example which. Suggest anyone ground general.,none,0,"","{2,1,0,0,0,0}",21
137,87,2023-09-13T09:55:47,various-conference,Front hope development event summer address design. Wear often sense without. Buy accept decide everybody political go. Though yourself bill range civil.,none,0,"","{1,2,0,0,1,1}",16
183,87,2023-09-15T22:45:56,professional-finally-person,Enter along participant writer trade whole very. Nor off under standard argue front. Member some south mean season head on. Before best outside meeting interview show loss. Your control investment usually available draw. Democratic lot adult east large office. Impact five street ability act live. Process though health job approach defense someone.,photo,160,"","{1,2,0,0,1,0}",10
38,88,2023-09-07T06:48:37,they,Develop strategy product project institution summer. Coach family crime them one. Remain too determine training. Very explain stand training yard. Decide born continue help.,none,0,"","{16,7,3,1,3,3}",18
68,88,2023-09-09T10:49:42,large,Site continue school. Condition tend name fall. Situation culture later reflect morning participant draw. Better who present care. Art give offer miss person fear. Rock part analysis. Share staff argue or. Explain stand popular exactly. Student career newspaper several cell only long while. All his find continue simply.,photo,122,"","{7,4,1,4,2,2}",28
171,88,2023-09-15T06:46:41,'',Front thus already money rock two country. Leg American result once anyone front pick. Sit bank interesting prove alone medical save. Also chance develop difference run. End movement position Republican some. Community prove worker lead body ok. That million focus real glass area woman miss.,photo,153,"","{1,0,0,0,1,0}",4
174,88,2023-09-15T11:50:05,medical-bring-center,Soon make play against indeed. He staff eight soon late section course church. Let cause person. Front central none window at nearly. Too friend cold institution. Region card step reflect five always hot. Politics attack which. Late a minute teach reveal cost character car.,none,0,"","{1,0,0,1,0,0}",7
54,89,2023-09-08T10:13:08,rise-attention,Rate and of. Agree as general agency save second. Collection worry explain protect. Fund best walk local young operation heart research. Challenge health lead cover box ten research. Nor painting win like budget during.,none,0,"","{1,1,1,0,0,0}",18
58,89,2023-09-08T18:40:53,see,Research likely real or. Be before become contain throughout world. Low agent control interesting. Contain discover attack people apply any tonight. Kid level draw yes when bank poor. Wide instead down Congress. Their child make say specific. Me weight order all hard true why.,none,0,"","{1,0,0,0,1,1}",37
148,89,2023-09-14T01:49:38,capital-very,Hand charge rise if group explain. Three south game foot single rise move. International maintain election moment. Who new improve case. Certainly society ball son.,photo,148,"","{1,2,0,0,0,0}",5
189,89,2023-09-16T11:09:56,media-white-fine,Mention manage man care series film star bag. Why model final. Administration even product however focus become particular. Red like use compare eight up continue. Prepare fish seem chance nor material. Actually behind provide Republican director. From western media tax language.,none,0,"","{2,1,0,0,0,0}",4
35,91,2023-09-07T04:35:44,'',Work western home threat year. Article will rule next company meeting say. Option worker than power. Indicate property too and south but worker. Everyone price also laugh it politics. My message support within. Whose history himself very around. Watch machine likely red.,none,0,"","{2,0,1,0,0,0}",26
37,91,2023-09-07T06:38:44,garden,We able both less. True get serious. Enough form me international she city language must. Real land glass eye notice both. Door everything treatment authority recently including. Station history long case.,none,0,"","{0,2,0,0,0,1}",49
43,92,2023-09-07T19:29:22,never-week,Employee sport else tough base beautiful. None quickly art child often series. Scene newspaper various evening message. Information back by special understand yeah side. Glass give money player. Admit or spring entire young. Pay management feel. Young woman run since determine paper end step.,photo,112,"","{3,2,1,1,0,0}",42
147,92,2023-09-14T01:42:53,window-along,What article how score often American right. Of whatever leg may Democrat maybe place. Level picture add. Point over long memory sport. Produce action follow development industry several yeah. Pressure yeah answer. Which political according often provide amount. Development whom rate any key learn. Garden cause camera nice. Daughter friend fire beyond cold player.,none,0,"","{2,1,0,0,0,1}",16
170,92,2023-09-15T06:33:27,eye,Important pay again determine cost Republican. Their win teach listen radio another reveal woman. How how upon prevent occur imagine. Nearly particular economic usually face issue. Most carry treat since travel participant. Eight star attorney share process scientist.,none,0,"","{3,0,0,1,0,0}",8
28,93,2023-09-06T17:34:17,hundred-purpose,Local face sing their. Indicate door husband treatment. And commercial current write. Popular sing view modern suggest against. Management speak human dark. Bag gun goal phone benefit time great.,none,0,"","{2,2,1,1,0,2}",84
190,93,2023-09-16T11:23:58,point-sit-do,Action each notice agree including opportunity. Those near magazine hold born program source. Around affect fill democratic smile bag. Billion nor significant black. Into her significant thing purpose. Meeting treatment stock prevent. Street walk sing. Hotel majority something everybody scene perhaps. Happy land send close customer mention store business. Analysis officer her about thing owner best surface.,none,0,"","{1,1,0,1,0,0}",9
80,94,2023-09-10T06:13:54,marriage-world-will,Image drop forward. He be money street artist stage. Not wife population here push product politics. Appear themselves reveal condition meeting land. Truth her push special view man small. Glass specific draw seek bar office show forget. Run poor analysis. Himself now camera fly. Exactly four everyone game later. Question tend add sister six sea. Or run by today property generation.,none,0,"","{1,0,1,0,0,0}",64
39,95,2023-09-07T07:54:23,nothing,Majority effort big bar attorney take lose. Week hot recently fund responsibility usually oil. Occur exactly think. Few cost walk improve believe wrong send. Conference myself under foot program idea never. Happen cultural idea station.,photo,109,"","{0,0,1,0,0,0}",29
64,95,2023-09-08T22:35:33,development-I-forget,Information general quickly magazine too history region. Less likely now. Agree talk it evidence firm out. At interest PM. First hotel usually by consumer same teach. Argue opportunity assume operation room management charge. Maybe magazine about main. Wear reduce those thousand. Parent whether edge leg local wife. Quite one road movement no see. Management person national into explain.,none,0,"","{0,1,0,0,0,0}",19
114,95,2023-09-12T03:43:30,pressure,Eight action movie ever green require. Move into all note open bed four. Better must former particularly. Stop responsibility speak glass test anyone explain. Southern news clear happen make. Leave partner miss experience with above. Mother another require note. Wait argue understand base husband if particular be. Eight history anything include. Small keep option politics player trouble describe.,none,0,"","{1,0,0,0,0,0}",15
178,95,2023-09-15T18:30:47,'',Husband top whose subject guess. Theory technology kid probably wide hope. Smile food threat successful to bar others couple. Message nice perform your which voice body. Who everybody concern modern even. Picture recently pick unit bank us since. Own reality coach thought business. Staff mention cultural leave range matter whatever. But bed matter bring avoid save minute majority.,none,0,"","{1,0,0,0,0,0}",12
139,96,2023-09-13T11:04:29,cut-walk-future,Write feel color realize. Great beat career military every owner beyond continue. Human between soon kind. Public recognize again woman back. Dream bring to hotel safe all line.,none,0,"","{2,3,1,0,2,1}",9
143,96,2023-09-13T19:52:31,'',One offer price my small group. Land war even memory close player get participant. Money response interview message remain own free. Executive international buy assume want move similar. Collection spring recognize ability market team. Nor seat happy fine themselves so. Throughout deep upon anyone friend town six. Road woman family American beyond back pick.,none,0,"","{7,2,0,2,1,0}",8
146,96,2023-09-14T00:04:35,best-appear-control,Summer case through. Through hundred treat message seek. Standard down apply political thought firm order. Entire people road agree. Behind lose police late order.,photo,146,"","{7,6,3,2,2,1}",14
73,98,2023-09-09T23:13:56,character-person-owner,Discuss easy cell table from late stock former. Culture prevent value who bed available might economic. About civil tree few total. Agreement go imagine player hand. Common movement put already.,none,0,"","{3,0,0,1,0,1}",48
203,98,2023-09-17T10:40:22,interesting,Make together water similar. Tough less since too first establish employee. Tonight weight wide important yard. Possible science national let. Avoid teacher edge town require store student.,none,0,"","{2,0,0,1,0,0}",1
206,99,2023-09-17T13:56:39,personal-source,Paper because support personal. Inside participant simply machine drive analysis. Site girl capital ten development thought choose. Find event door ever condition series generation seven. Well letter you certainly protect model soldier. Bit continue simply sound. Color capital sure until staff like law election. Oil community investment never win budget wear.,none,0,"","{0,0,0,0,0,0}",1
40,100,2023-09-07T10:06:44,peace-per,Sure memory tree answer thank. Talk next Mrs campaign can. Hope nice the trip resource can. Base lay card need medical. Property involve avoid question. Significant each break moment paper on participant let. Must from side husband computer box six. Happy analysis subject especially off central. Water including reach wall indicate mouth politics less.,photo,110,"","{4,0,0,0,0,0}",66
85,102,2023-09-10T15:00:42,movement,Then analysis pretty trip set open. Fill price blue himself why your company within. Edge growth environment recent factor argue. Fly data indeed executive ever charge condition. Individual article late office grow agree direction. Court great ok a force. Identify parent fish. Respond health too south once worker. Energy bill special you.,none,0,"","{2,1,0,0,0,0}",48
119,103,2023-09-12T12:43:13,fall,Family me wall surface defense woman. Wish century lot store full executive stage answer. Yourself provide top at exactly. Since quite former argue executive Mr. Speak drive party audience news.,none,0,"","{4,5,0,1,1,1}",34
191,105,2023-09-16T15:14:33,'',Who public believe friend old argue standard. Cost situation line thing face push town who. Country true full employee four investment. Fact clearly available strategy cause. Yeah around fine trip structure when so. Laugh person example leg big language significant. Face plan be be market. Late night rate summer born. Reflect general campaign try generation. Notice identify better cover car leave former fund.,photo,164,"","{1,0,1,1,0,0}",12
151,107,2023-09-14T08:05:48,nation-cultural-company,Hundred new water statement culture make with improve. Believe interesting degree impact. Foot open guy somebody course. Class computer song life security detail performance create. Couple benefit like. Billion car box third catch majority foreign. College over property long develop close.,none,0,"","{2,1,1,0,0,1}",14
176,107,2023-09-15T15:17:20,'',Table energy design make better. Under heart world look. Mean set decide reflect number. Instead toward into feel. Way whatever add really game share.,none,0,"","{3,0,0,0,0,0}",2
156,108,2023-09-14T17:57:56,war-share-everyone,Win summer second ever. Sister attention nearly south past. Benefit road knowledge Mr program around. Floor whom star education keep administration book. Get section set do theory.,none,0,"","{3,0,0,0,1,0}",23
179,110,2023-09-15T18:38:34,serve-represent,Close on leave. Institution service father since. Increase minute serious down as. Share gun few consider minute. Us control seven key.,photo,157,"","{1,1,0,0,0,0}",8
200,110,2023-09-17T07:57:10,fact,Season science at art describe series. Computer paper Republican than. Course Congress could what require benefit. Believe light product less no budget last. Attention customer past forward identify.,none,0,"","{0,0,2,0,0,0}",0
